{
"inviscid": {
"main_wing_right": {
"CX": -2.60853292116536E-003,
"CY": 0.00000000000000E+000,
"CZ": -1.37754058483850E-001,
"Cl": -3.10339655322309E-002,
"Cm": -2.55252527093820E-002,
"Cn": 6.97011612358139E-004,
"CL": 1.37753980978764E-001,
"CD": 2.61262268135917E-003,
"L/D": 5.27263205519977E+001
},
"main_wing_left": {
"CX": -2.60853292124836E-003,
"CY": 0.00000000000000E+000,
"CZ": -1.37754058485298E-001,
"Cl": 3.10339655325862E-002,
"Cm": -2.55252527093865E-002,
"Cn": -6.97011612376832E-004,
"CL": 1.37753980980211E-001,
"CD": 2.61262268144221E-003,
"L/D": 5.27263205508760E+001
},
"h_stab_right": {
"CX": 9.43781869716990E-005,
"CY": 0.00000000000000E+000,
"CZ": 4.17556114397019E-003,
"Cl": 3.09521329977655E-004,
"Cm": 2.55430430995011E-002,
"Cn": -6.86312790429626E-006,
"CL": -4.17555834014892E-003,
"CD": -9.45021545920507E-005,
"L/D": 4.41847951316462E+001
},
"h_stab_left": {
"CX": 9.43781869761662E-005,
"CY": 0.00000000000000E+000,
"CZ": 4.17556114419747E-003,
"Cl": -3.09521330000191E-004,
"Cm": 2.55430431009564E-002,
"Cn": 6.86312790472513E-006,
"CL": -4.17555834037620E-003,
"CD": -9.45021545965246E-005,
"L/D": 4.41847951319594E+001
},
"ALTIUSjr": {
"CX": -5.02830946846585E-003,
"CY": 0.00000000000000E+000,
"CZ": -2.67156994680980E-001,
"Cl": 3.32771715276052E-013,
"Cm": 3.55807816890263E-005,
"Cn": -1.82642179465612E-014,
"CL": 2.67156845278450E-001,
"CD": 5.03624105361281E-003,
"L/D": 5.30468741337950E+001
}
},
"viscous": {
"main_wing_right": {
"CX": -2.63561310479135E-003,
"CY": 3.16651608002166E-010,
"CZ": 5.47563364228359E-005,
"Cl": 1.65562412734350E-005,
"Cm": 0.00000000000000E+000,
"Cn": 6.56935154935179E-004,
"CL": -5.48345847545844E-005,
"CD": 2.63561147797644E-003,
"L/D": -2.08052610230265E-002
},
"main_wing_left": {
"CX": -2.63561310478783E-003,
"CY": -3.16651607995429E-010,
"CZ": 5.47563364234511E-005,
"Cl": -1.65562412734633E-005,
"Cm": 0.00000000000000E+000,
"Cn": -6.56935154934029E-004,
"CL": -5.48345847551995E-005,
"CD": 2.63561147797292E-003,
"L/D": -2.08052610232877E-002
},
"h_stab_right": {
"CX": -1.05346107949108E-003,
"CY": 3.09856796973156E-006,
"CZ": 2.35567781353778E-005,
"Cl": 1.81029747992047E-006,
"Cm": -1.77903926521545E-005,
"Cn": 8.35517837465471E-005,
"CL": -2.35880541864575E-005,
"CD": 1.05346037965285E-003,
"L/D": -2.23910216673080E-002
},
"h_stab_left": {
"CX": -1.05346107949069E-003,
"CY": -3.09856796867326E-006,
"CZ": 2.35567781351899E-005,
"Cl": -1.81029747993297E-006,
"Cm": -1.77903926532949E-005,
"Cn": -8.35517837479114E-005,
"CL": -2.35880541862695E-005,
"CD": 1.05346037965246E-003,
"L/D": -2.23910216671379E-002
},
"ALTIUSjr": {
"CX": -7.37814836856095E-003,
"CY": 1.05830964583736E-015,
"CZ": 1.56626229116855E-004,
"Cl": -4.08024241021869E-017,
"Cm": -3.55807853054494E-005,
"Cn": -2.14581679971089E-016,
"CL": -1.56845277882511E-004,
"CD": 7.37814371525466E-003,
"L/D": -2.12580947099507E-002
}
},
"total": {
"main_wing_right": {
"CX": -5.24414602595671E-003,
"CY": 3.16651608002166E-010,
"CZ": -1.37699302147427E-001,
"Cl": -3.10174092909574E-002,
"Cm": -2.55252527093820E-002,
"Cn": 1.35394676729332E-003,
"CL": 1.37699146394009E-001,
"CD": 5.24823415933561E-003,
"L/D": 2.62372337463389E+001
},
"main_wing_left": {
"CX": -5.24414602603618E-003,
"CY": -3.16651607995429E-010,
"CZ": -1.37699302148874E-001,
"Cl": 3.10174092913127E-002,
"Cm": -2.55252527093865E-002,
"Cn": -1.35394676731086E-003,
"CL": 1.37699146395456E-001,
"CD": 5.24823415941513E-003,
"L/D": 2.62372337462172E+001
},
"h_stab_right": {
"CX": -9.59082892519379E-004,
"CY": 3.09856796973156E-006,
"CZ": 4.19911792210557E-003,
"Cl": 3.11331627457575E-004,
"Cm": 2.55252527068489E-002,
"Cn": 7.66886558422508E-005,
"CL": -4.19914639433537E-003,
"CD": 9.58958225060798E-004,
"L/D": -4.37886269140571E+000
},
"h_stab_left": {
"CX": -9.59082892514521E-004,
"CY": -3.09856796867326E-006,
"CZ": 4.19911792233266E-003,
"Cl": -3.11331627480124E-004,
"Cm": 2.55252527083031E-002,
"Cn": -7.66886558431862E-005,
"CL": -4.19914639456247E-003,
"CD": 9.58958225055933E-004,
"L/D": -4.37886269166474E+000
},
"ALTIUSjr": {
"CX": -1.24064578370268E-002,
"CY": 1.05830964583736E-015,
"CZ": -2.67000368451863E-001,
"Cl": 3.32726829306111E-013,
"Cm": -3.61642382706862E-012,
"Cn": -1.84789430574446E-014,
"CL": 2.67000000000567E-001,
"CD": 1.24143847688675E-002,
"L/D": 2.15073082534178E+001
}
}
}
