{
"inviscid": {
"main_wing_right": {
"CX": 1.87376656633509E-003,
"CY": 0.00000000000000E+000,
"CZ": -1.33586320332646E-001,
"Cl": -2.92663037897297E-002,
"Cm": 0.00000000000000E+000,
"Cn": -3.58617265338830E-004,
"CL": 1.33577856052984E-001,
"CD": 2.40257225687328E-003,
"L/D": 5.55978517069965E+001
},
"main_wing_left": {
"CX": 1.87376644763196E-003,
"CY": 0.00000000000000E+000,
"CZ": -1.33586325401392E-001,
"Cl": 2.92663052458637E-002,
"Cm": 0.00000000000000E+000,
"Cn": 3.58617228895886E-004,
"CL": 1.33577861115335E-001,
"CD": 2.40257253773887E-003,
"L/D": 5.55978473145492E+001
},
"h_stab_right": {
"CX": 4.09938731977854E-009,
"CY": 0.00000000000000E+000,
"CZ": 2.11795268032982E-005,
"Cl": -3.93980451938851E-006,
"Cm": 1.12927393220886E-004,
"Cn": -3.67824141183190E-009,
"CL": -2.11685457782537E-005,
"CD": -6.81939917133702E-007,
"L/D": 3.10416581379021E+001
},
"h_stab_left": {
"CX": 4.09921941210867E-009,
"CY": 0.00000000000000E+000,
"CZ": 2.11797566390428E-005,
"Cl": 3.93978155431485E-006,
"Cm": 1.12928128668404E-004,
"Cn": 3.67822257910779E-009,
"CL": -2.11687755016321E-005,
"CD": -6.81947105116878E-007,
"L/D": 3.10416678108840E+001
},
"ALTIUSjr": {
"CX": 3.74754121257379E-003,
"CY": 0.00000000000000E+000,
"CZ": -2.67130286450595E-001,
"Cl": 1.43316893137513E-009,
"Cm": 2.25855521889289E-004,
"Cn": -3.64617757884179E-011,
"CL": 2.67113379847039E-001,
"CD": 4.80378090758990E-003,
"L/D": 5.56048214907146E+001
}
},
"viscous": {
"main_wing_right": {
"CX": -2.92393197505245E-003,
"CY": 4.20108295047181E-011,
"CZ": -3.87721980077108E-005,
"Cl": -7.30540780200849E-006,
"Cm": 0.00000000000000E+000,
"Cn": 6.73858393174415E-004,
"CL": -5.48269852722707E-005,
"CD": 2.92367499557636E-003,
"L/D": -1.87527633390257E-002
},
"main_wing_left": {
"CX": -2.92393195160598E-003,
"CY": -4.20107109215101E-011,
"CZ": -3.87721936490068E-005,
"Cl": 7.30540652717066E-006,
"Cm": 0.00000000000000E+000,
"Cn": -6.73858386408489E-004,
"CL": -5.48269888783464E-005,
"CD": 2.92367497200240E-003,
"L/D": -1.87527647236368E-002
},
"h_stab_right": {
"CX": -6.96943954180581E-004,
"CY": 3.90250699154296E-006,
"CZ": -4.43011873951529E-007,
"Cl": -1.71636073976709E-007,
"Cm": -1.12928670665538E-004,
"Cn": 5.54768833905736E-005,
"CL": -2.18626389436827E-005,
"CD": 6.96601102889453E-004,
"L/D": -3.13847320266908E-002
},
"h_stab_left": {
"CX": -6.96943954168472E-004,
"CY": -3.90250527870728E-006,
"CZ": -4.43011675753857E-007,
"Cl": 1.71635996833385E-007,
"Cm": -1.12928670029368E-004,
"Cn": -5.54768845311571E-005,
"CL": -2.18626391413913E-005,
"CD": 6.96601102871007E-004,
"L/D": -3.13847323113408E-002
},
"ALTIUSjr": {
"CX": -7.24175183500749E-003,
"CY": 1.71295426082315E-012,
"CZ": -7.84304152064230E-005,
"Cl": -1.35198115090388E-012,
"Cm": -2.25857340694906E-004,
"Cn": 5.62534213365921E-012,
"CL": -1.53379252235691E-004,
"CD": 7.24055217333922E-003,
"L/D": -2.11833639981846E-002
}
},
"total": {
"main_wing_right": {
"CX": -1.05016540871736E-003,
"CY": 4.20108295047181E-011,
"CZ": -1.33625092530653E-001,
"Cl": -2.92736091975317E-002,
"Cm": 0.00000000000000E+000,
"Cn": 3.15241127835585E-004,
"CL": 1.33523029067712E-001,
"CD": 5.32624725244964E-003,
"L/D": 2.50688754650476E+001
},
"main_wing_left": {
"CX": -1.05016550397402E-003,
"CY": -4.20107109215101E-011,
"CZ": -1.33625097595041E-001,
"Cl": 2.92736106523908E-002,
"Cm": 0.00000000000000E+000,
"Cn": -3.15241157512603E-004,
"CL": 1.33523034126456E-001,
"CD": 5.32624750974128E-003,
"L/D": 2.50688752038379E+001
},
"h_stab_right": {
"CX": -6.96939854793261E-004,
"CY": 3.90250699154296E-006,
"CZ": 2.07365149293466E-005,
"Cl": -4.11144059336522E-006,
"Cm": -1.27744465209904E-009,
"Cn": 5.54732051491617E-005,
"CL": -4.30311847219364E-005,
"CD": 6.95919162972319E-004,
"L/D": -6.18335965030007E-002
},
"h_stab_left": {
"CX": -6.96939854949060E-004,
"CY": -3.90250527870728E-006,
"CZ": 2.07367449632889E-005,
"Cl": 4.11141755114823E-006,
"Cm": -5.41360964303322E-010,
"Cn": -5.54732063085780E-005,
"CL": -4.30314146430234E-005,
"CD": 6.95919155765890E-004,
"L/D": -6.18339275280696E-002
},
"ALTIUSjr": {
"CX": -3.49421062243370E-003,
"CY": 1.71295426082315E-012,
"CZ": -2.67208716865801E-001,
"Cl": 1.43181695133338E-009,
"Cm": -1.81880561640237E-009,
"Cn": -3.08364336488720E-011,
"CL": 2.66960000594804E-001,
"CD": 1.20443330809291E-002,
"L/D": 2.21647806317732E+001
}
}
}
