{
"inviscid": {
"main_wing_right": {
"CX": -2.60889110376061E-003,
"CY": 0.00000000000000E+000,
"CZ": -1.37740959642384E-001,
"Cl": -3.10310134675828E-002,
"Cm": -2.55253215674726E-002,
"Cn": 6.97071542664693E-004,
"CL": 1.37740898552619E-001,
"CD": 2.61211445257095E-003,
"L/D": 5.27315709375019E+001
},
"main_wing_left": {
"CX": -2.60889110376145E-003,
"CY": 0.00000000000000E+000,
"CZ": -1.37740959642399E-001,
"Cl": 3.10310134675864E-002,
"Cm": -2.55253215674726E-002,
"Cn": -6.97071542664880E-004,
"CL": 1.37740898552633E-001,
"CD": 2.61211445257179E-003,
"L/D": 5.27315709374905E+001
},
"v_stab_right": {
"CX": -2.79735170255623E-025,
"CY": -3.51758830833488E-013,
"CZ": -2.15390163126023E-029,
"Cl": -2.32091790173599E-014,
"Cm": 8.84930934833824E-026,
"Cn": 4.69011774444651E-013,
"CL": 1.49927846670694E-029,
"CD": 2.79735170683073E-025,
"L/D": 5.35963519726860E-005
},
"h_stab_right": {
"CX": 9.40498206845258E-005,
"CY": 0.00000000000000E+000,
"CZ": 4.15595589542886E-003,
"Cl": 3.08089459804167E-004,
"Cm": 2.54139761704526E-002,
"Cn": -6.84059614191312E-006,
"CL": -4.15595369338098E-003,
"CD": -9.41470763951570E-005,
"L/D": 4.41432049991386E+001
},
"h_stab_left": {
"CX": 9.40498206820849E-005,
"CY": 0.00000000000000E+000,
"CZ": 4.15595589534194E-003,
"Cl": -3.08089459797844E-004,
"Cm": 2.54139761698959E-002,
"Cn": 6.84059614173945E-006,
"CL": -4.15595369329406E-003,
"CD": -9.41470763927140E-005,
"L/D": 4.41432049993608E+001
},
"ALTIUSjr": {
"CX": -5.02968256615544E-003,
"CY": -3.51758830833488E-013,
"CZ": -2.67170007494012E-001,
"Cl": -1.33241580384709E-014,
"Cm": -2.22690794596692E-004,
"Cn": 4.68650464979401E-013,
"CL": 2.67169889718577E-001,
"CD": 5.03593475235487E-003,
"L/D": 5.30526908819947E+001
}
},
"viscous": {
"main_wing_right": {
"CX": -2.63559365746312E-003,
"CY": 3.15083543154568E-010,
"CZ": 5.47671898548804E-005,
"Cl": 1.65587004019537E-005,
"Cm": 0.00000000000000E+000,
"Cn": 6.56932103190909E-004,
"CL": -5.48288667701535E-005,
"CD": 2.63559237510528E-003,
"L/D": -2.08032422949938E-002
},
"main_wing_left": {
"CX": -2.63559365746308E-003,
"CY": -3.15083547084912E-010,
"CZ": 5.47671898548867E-005,
"Cl": -1.65587004019540E-005,
"Cm": 0.00000000000000E+000,
"Cn": -6.56932103190898E-004,
"CL": -5.48288667701598E-005,
"CD": 2.63559237510525E-003,
"L/D": -2.08032422949965E-002
},
"v_stab_right": {
"CX": -5.47046498379598E-004,
"CY": 4.53442828315328E-016,
"CZ": 1.29468505449870E-005,
"Cl": 3.02532686841655E-017,
"Cm": 2.57917859856624E-004,
"Cn": -6.04587646302324E-016,
"CL": -1.29596522677775E-005,
"CD": 5.47046195253666E-004,
"L/D": -2.36902338051508E-002
},
"h_stab_right": {
"CX": -1.05454411647636E-003,
"CY": 3.10137350309247E-006,
"CZ": 2.36114881550790E-005,
"Cl": 1.81496787003189E-006,
"Cm": -1.76135344437120E-005,
"Cn": 8.36386970990062E-005,
"CL": -2.36361660968831E-005,
"CD": 1.05454356364261E-003,
"L/D": -2.24136459713803E-002
},
"h_stab_left": {
"CX": -1.05454411647610E-003,
"CY": -3.10137350324520E-006,
"CZ": 2.36114881549615E-005,
"Cl": -1.81496787001810E-006,
"Cm": -1.76135344444228E-005,
"Cn": -8.36386970987837E-005,
"CL": -2.36361660967656E-005,
"CD": 1.05454356364235E-003,
"L/D": -2.24136459712743E-002
},
"ALTIUSjr": {
"CX": -7.92732204625826E-003,
"CY": 2.96788062740172E-016,
"CZ": 1.69704206564795E-004,
"Cl": 4.37455812495798E-017,
"Cm": 2.22690790968489E-004,
"Cn": -3.70742932881418E-016,
"CL": -1.69889718001739E-004,
"CD": 7.92731807274915E-003,
"L/D": -2.14309198196235E-002
}
},
"total": {
"main_wing_right": {
"CX": -5.24448476122373E-003,
"CY": 3.15083543154568E-010,
"CZ": -1.37686192452529E-001,
"Cl": -3.10144547671809E-002,
"Cm": -2.55253215674726E-002,
"Cn": 1.35400364585560E-003,
"CL": 1.37686069685849E-001,
"CD": 5.24770682767624E-003,
"L/D": 2.62373783839632E+001
},
"main_wing_left": {
"CX": -5.24448476122453E-003,
"CY": -3.15083547084912E-010,
"CZ": -1.37686192452544E-001,
"Cl": 3.10144547671844E-002,
"Cm": -2.55253215674726E-002,
"Cn": -1.35400364585578E-003,
"CL": 1.37686069685863E-001,
"CD": 5.24770682767704E-003,
"L/D": 2.62373783839620E+001
},
"v_stab_right": {
"CX": -5.47046498379598E-004,
"CY": -3.51305388005173E-013,
"CZ": 1.29468505449870E-005,
"Cl": -2.31789257486757E-014,
"Cm": 2.57917859856624E-004,
"Cn": 4.68407186798348E-013,
"CL": -1.29596522677775E-005,
"CD": 5.47046195253666E-004,
"L/D": -2.36902338051508E-002
},
"h_stab_right": {
"CX": -9.60494295791835E-004,
"CY": 3.10137350309247E-006,
"CZ": 4.17956738358394E-003,
"Cl": 3.09904427674199E-004,
"Cm": 2.53963626360089E-002,
"Cn": 7.67981009570930E-005,
"CL": -4.17958985947786E-003,
"CD": 9.60396487247449E-004,
"L/D": -4.35194205203395E+000
},
"h_stab_left": {
"CX": -9.60494295794018E-004,
"CY": -3.10137350324520E-006,
"CZ": 4.17956738349691E-003,
"Cl": -3.09904427667862E-004,
"Cm": 2.53963626354515E-002,
"Cn": -7.67981009570443E-005,
"CL": -4.17958985939082E-003,
"CD": 9.60396487249633E-004,
"L/D": -4.35194205193342E+000
},
"ALTIUSjr": {
"CX": -1.29570046124137E-002,
"CY": -3.51462042605264E-013,
"CZ": -2.67000303287447E-001,
"Cl": -1.32801394302680E-014,
"Cm": -3.62819774224477E-012,
"Cn": 4.68279576356853E-013,
"CL": 2.67000000000576E-001,
"CD": 1.29632528251040E-002,
"L/D": 2.05966822990227E+001
}
}
}
