{
"d_alpha": {
"note": "Derivatives with respect to angle in radians.",
"main_wing_right": {
"CX": 5.47087974207617E-002,
"CY": -6.73205684565651E-009,
"CZ": -2.11732848929659E+000,
"Cl": -4.77109668603067E-001,
"Cm": 1.11213627613534E-002,
"Cn": -9.18549091742456E-003,
"CL": 2.11210863851053E+000,
"CD": 8.30277867743716E-002,
"L/D": -8.48859778350930E+000
},
"main_wing_left": {
"CX": 5.47087974207619E-002,
"CY": 6.73205684565502E-009,
"CZ": -2.11732848929660E+000,
"Cl": 4.77109668603067E-001,
"Cm": 1.11213627613534E-002,
"Cn": 9.18549091742459E-003,
"CL": 2.11210863851053E+000,
"CD": 8.30277867743715E-002,
"L/D": -8.48859778350807E+000
},
"v_stab_right": {
"CX": -5.53272495932786E-006,
"CY": -1.31954878945622E-016,
"CZ": -2.34499911831360E-004,
"Cl": -1.99242388423563E-018,
"Cm": -1.49894565599263E-003,
"Cn": 1.75939867888706E-016,
"CL": -3.12543908803470E-004,
"CD": -7.44786534035365E-006,
"L/D": -5.71661010933246E-001
},
"h_stab_right": {
"CX": -6.36377486575351E-003,
"CY": 6.25186140931366E-005,
"CZ": -2.56338469765299E-001,
"Cl": -1.87031012936783E-002,
"Cm": -1.64158441047644E+000,
"Cn": 3.66173623226589E-004,
"CL": 2.55373256888186E-001,
"CD": 2.21829291701284E-003,
"L/D": 2.71773998260762E+002
},
"h_stab_left": {
"CX": -6.36377486575349E-003,
"CY": -6.25186140931368E-005,
"CZ": -2.56338469765299E-001,
"Cl": 1.87031012936783E-002,
"Cm": -1.64158441047643E+000,
"Cn": -3.66173623226587E-004,
"CL": 2.55373256888186E-001,
"CD": 2.21829291701283E-003,
"L/D": 2.71773998260762E+002
},
"ALTIUSjr": {
"CX": 9.66845123850572E-002,
"CY": -1.32151037561419E-016,
"CZ": -4.74756841803562E+000,
"Cl": -2.71258244317527E-016,
"Cm": -3.26242504108616E+000,
"Cn": 2.10173372505564E-016,
"CL": 4.73465124688863E+000,
"CD": 1.70484711517429E-001,
"L/D": 9.73742872189422E+001
}
},
"d_beta": {
"note": "Derivatives with respect to angle in radians.",
"main_wing_right": {
"CX": -6.63495025633769E-004,
"CY": -2.63710842779430E-003,
"CZ": 5.23758267097469E-002,
"Cl": 1.82045706637849E-002,
"Cm": -2.75123523799908E-004,
"Cn": 1.35192801079065E-004,
"CL": -5.23758422222058E-002,
"CD": 6.62269350848368E-004,
"L/D": -1.32916333974661E+001
},
"main_wing_left": {
"CX": 6.63495033544454E-004,
"CY": -2.63710842779443E-003,
"CZ": -5.23758264986344E-002,
"Cl": 1.82045706162303E-002,
"Cm": 2.75123524318537E-004,
"Cn": 1.35192803209167E-004,
"CL": 5.23758420110933E-002,
"CD": -6.62269358763973E-004,
"L/D": 1.32916333968003E+001
},
"v_stab_right": {
"CX": -1.39708349191630E-014,
"CY": -2.78513143269322E-001,
"CZ": -1.49702908382008E-014,
"Cl": -1.84618813404821E-002,
"Cm": -9.09439854230974E-014,
"Cn": 3.71350857692429E-001,
"CL": 1.49699996497228E-014,
"CD": 1.39708349191630E-014,
"L/D": 2.84264062502478E-011
},
"h_stab_right": {
"CX": 9.00200308142745E-004,
"CY": -1.04771478878423E-003,
"CZ": 3.61192511627825E-002,
"Cl": 2.69442275206899E-003,
"Cm": 2.31307239491111E-001,
"Cn": 1.33244076290216E-003,
"CL": -3.61192300868258E-002,
"CD": -9.01045553721245E-004,
"L/D": -4.17061599421023E+001
},
"h_stab_left": {
"CX": -9.00200307689920E-004,
"CY": -1.04771478877881E-003,
"CZ": -3.61192511374658E-002,
"Cl": 2.69442275022248E-003,
"Cm": -2.31307239329011E-001,
"Cn": 1.33244076292804E-003,
"CL": 3.61192300615091E-002,
"CD": 9.01045553267830E-004,
"L/D": 4.17061599136142E+001
},
"ALTIUSjr": {
"CX": 8.34955239284451E-012,
"CY": -2.85882789702474E-001,
"CZ": 2.36413810027865E-010,
"Cl": 2.33361054418245E-002,
"Cm": 1.62527775511217E-010,
"Cn": 3.74286124822548E-001,
"CL": -2.36410629473183E-010,
"CD": -8.35511836353707E-012,
"L/D": -4.95718708209159E-009
}
},
"d_elevator": {
"note": "Derivatives with respect to angle in radians.",
"main_wing_right": {
"CX": 7.95591861907260E-005,
"CY": -2.42363045511335E-008,
"CZ": -3.05532164939925E-003,
"Cl": -6.81651103220202E-004,
"Cm": 1.60479290058420E-005,
"Cn": -1.32865518642254E-005,
"CL": 3.05532351037042E-003,
"CD": -7.94876869604938E-005,
"L/D": 9.79641641595760E-001
},
"main_wing_left": {
"CX": 7.95591868876651E-005,
"CY": 2.42363048633949E-008,
"CZ": -3.05532163894477E-003,
"Cl": 6.81651099589201E-004,
"Cm": 1.60479290945000E-005,
"Cn": 1.32865521478166E-005,
"CL": 3.05532349991594E-003,
"CD": -7.94876876577310E-005,
"L/D": 9.79641643090264E-001
},
"v_stab_right": {
"CX": 2.29285777503956E-006,
"CY": 2.79638723412397E-011,
"CZ": 9.56138069522724E-005,
"Cl": 1.84897083290160E-012,
"Cm": 6.11374624934004E-004,
"Cn": -3.72851631216623E-011,
"CL": -9.56137532697064E-005,
"CD": -2.29509528400179E-006,
"L/D": -1.74881292509706E-001
},
"h_stab_right": {
"CX": -2.18722082487820E-002,
"CY": 4.81858019832822E-005,
"CZ": -3.18751038069099E-001,
"Cl": -2.32680604198701E-002,
"Cm": -2.09683953029537E+000,
"Cn": 1.68399707003209E-003,
"CL": 3.18750526138631E-001,
"CD": 2.18796675055260E-002,
"L/D": 4.33920413478143E+002
},
"h_stab_left": {
"CX": -2.18722082486029E-002,
"CY": -4.81858019732388E-005,
"CZ": -3.18751038061805E-001,
"Cl": 2.32680604193329E-002,
"Cm": -2.09683953024866E+000,
"Cn": -1.68399707003255E-003,
"CL": 3.18750526131337E-001,
"CD": 2.18796675053467E-002,
"L/D": 4.33920413470805E+002
},
"ALTIUSjr": {
"CX": -4.35830052665313E-002,
"CY": 2.79742280102932E-011,
"CZ": -6.43517105612296E-001,
"Cl": -2.31881900610725E-012,
"Cm": -4.19303559006100E+000,
"Cn": -3.70020306476579E-011,
"CL": 6.43516085526987E-001,
"CD": 4.35980645409703E-002,
"L/D": -1.95988679857722E+001
}
},
"d_rudder": {
"note": "Derivatives with respect to angle in radians.",
"main_wing_right": {
"CX": -5.03921991663035E-007,
"CY": -1.14070031154960E-006,
"CZ": 2.71445988124217E-005,
"Cl": 8.45454097104497E-006,
"Cm": -1.42578744927082E-007,
"Cn": 1.13992409851863E-007,
"CL": -2.71446105963768E-005,
"CD": 5.03286766312436E-007,
"L/D": -7.68898436555986E-003
},
"main_wing_left": {
"CX": 5.03921983612256E-007,
"CY": -1.14070031155202E-006,
"CZ": -2.71445985166301E-005,
"Cl": 8.45454090385575E-006,
"Cm": 1.42578744529513E-007,
"Cn": 1.13992408584611E-007,
"CL": 2.71446103005852E-005,
"CD": -5.03286758261657E-007,
"L/D": 7.68898426866744E-003
},
"v_stab_right": {
"CX": -4.56707773791402E-014,
"CY": -2.03890563022613E-001,
"CZ": -5.16607184955488E-015,
"Cl": -1.34694842340140E-002,
"Cm": -1.84621260025578E-014,
"Cn": 2.78965195141262E-001,
"CL": 5.16510122129515E-015,
"CD": 4.56707773791402E-014,
"L/D": 1.03658252762248E-011
},
"h_stab_right": {
"CX": 6.46969985919177E-004,
"CY": -4.73937777591237E-005,
"CZ": 2.58907599206022E-002,
"Cl": 1.90309920117934E-003,
"Cm": 1.65804378689601E-001,
"Cn": 1.68989227707622E-005,
"CL": -2.58907447734239E-002,
"CD": -6.47575869198195E-004,
"L/D": -2.98936358344792E+001
},
"h_stab_left": {
"CX": -6.46969985258019E-004,
"CY": -4.73937777587932E-005,
"CZ": -2.58907598886621E-002,
"Cl": 1.90309919884787E-003,
"Cm": -1.65804378485080E-001,
"Cn": 1.68989228179471E-005,
"CL": 2.58907447414838E-002,
"CD": 6.47575868536292E-004,
"L/D": 2.98936357982037E+001
},
"ALTIUSjr": {
"CX": 6.07485944159532E-013,
"CY": -2.03987631978754E-001,
"CZ": 3.22253800325884E-011,
"Cl": -9.64637675211230E-003,
"Cm": 2.04501714631400E-010,
"Cn": 2.78999220971670E-001,
"CL": -3.22253800325884E-011,
"CD": -6.08281082829898E-013,
"L/D": -1.51689558312103E-009
}
},
"d_aileron": {
"note": "Derivatives with respect to angle in radians.",
"main_wing_right": {
"CX": -1.52014076716418E-002,
"CY": 1.10908772333136E-007,
"CZ": -2.82890635000342E-001,
"Cl": -8.73081234683212E-002,
"Cm": -9.65497967364338E-002,
"Cn": 5.18956080770393E-003,
"CL": 2.82890279186645E-001,
"CD": 1.52080277418294E-002,
"L/D": -2.07699278052480E+001
},
"main_wing_left": {
"CX": 1.52014076715870E-002,
"CY": 1.10908772333197E-007,
"CZ": 2.82890635000354E-001,
"Cl": -8.73081234683260E-002,
"Cm": 9.65497967364322E-002,
"Cn": 5.18956080768629E-003,
"CL": -2.82890279186658E-001,
"CD": -1.52080277417746E-002,
"L/D": 2.07699278050306E+001
},
"v_stab_right": {
"CX": -6.21202086223343E-017,
"CY": 1.93491693589734E-002,
"CZ": 3.10601043111672E-018,
"Cl": 1.37449185209866E-003,
"Cm": 6.83322294845677E-017,