{
"d_alpha": {
"note": "Derivatives with respect to angle in radians.",
"main_wing_right": {
"CX": 5.47262169258080E-002,
"CY": -6.67641720828754E-009,
"CZ": -2.11732858766186E+000,
"Cl": -4.77109729904053E-001,
"Cm": 1.11213637953531E-002,
"Cn": -9.18911820627042E-003,
"CL": 2.11210855369251E+000,
"CD": 8.30367564284850E-002,
"L/D": -8.53068243262437E+000
},
"main_wing_left": {
"CX": 5.47262169258083E-002,
"CY": 6.67641720828755E-009,
"CZ": -2.11732858766186E+000,
"Cl": 4.77109729904053E-001,
"Cm": 1.11213637953531E-002,
"Cn": 9.18911820627040E-003,
"CL": 2.11210855369251E+000,
"CD": 8.30367564284848E-002,
"L/D": -8.53068243262254E+000
},
"h_stab_right": {
"CX": -6.36389090105401E-003,
"CY": 6.24563975541987E-005,
"CZ": -2.56342278833858E-001,
"Cl": -1.87033875694160E-002,
"Cm": -1.64160880708086E+000,
"Cn": 3.66184398641314E-004,
"CL": 2.55378464008166E-001,
"CD": 2.20046456439063E-003,
"L/D": 2.72161057343694E+002
},
"h_stab_left": {
"CX": -6.36389090105401E-003,
"CY": -6.24563975541979E-005,
"CZ": -2.56342278833858E-001,
"Cl": 1.87033875694160E-002,
"Cm": -1.64160880708086E+000,
"Cn": -3.66184398641318E-004,
"CL": 2.55378464008166E-001,
"CD": 2.20046456439063E-003,
"L/D": 2.72161057343694E+002
},
"ALTIUSjr": {
"CX": 9.67246520495083E-002,
"CY": 8.73565433751576E-019,
"CZ": -4.74734173299144E+000,
"Cl": 5.17668405186119E-018,
"Cm": -3.26097488657101E+000,
"Cn": -2.07067362074448E-017,
"CL": 4.73497403540136E+000,
"CD": 1.70474441985751E-001,
"L/D": 8.95129125526094E+001
}
},
"d_beta": {
"note": "Derivatives with respect to angle in radians.",
"main_wing_right": {
"CX": -6.63234824985636E-004,
"CY": -2.63557303960020E-003,
"CZ": 5.23437428190000E-002,
"Cl": 1.81947580410624E-002,
"Cm": -2.74954998746277E-004,
"Cn": 1.35167765474026E-004,
"CL": -5.23437624866183E-002,
"CD": 6.61680798493969E-004,
"L/D": -1.32812219570121E+001
},
"main_wing_left": {
"CX": 6.63234832895973E-004,
"CY": -2.63557303960033E-003,
"CZ": -5.23437426078796E-002,
"Cl": 1.81947579935061E-002,
"Cm": 2.74954999262918E-004,
"Cn": 1.35167767604066E-004,
"CL": 5.23437622754994E-002,
"CD": -6.61680806410618E-004,
"L/D": 1.32812219563504E+001
},
"h_stab_right": {
"CX": 2.25459852916627E-005,
"CY": -9.82163218224184E-004,
"CZ": 9.97238471616774E-004,
"Cl": 1.08056272473460E-004,
"Cm": 6.38593357599423E-003,
"Cn": 1.30794139032904E-003,
"CL": -9.97237801812582E-004,
"CD": -2.25755921579006E-005,
"L/D": -1.14323877322751E+000
},
"h_stab_left": {
"CX": -2.25459848463477E-005,
"CY": -9.82163218218913E-004,
"CZ": -9.97238446420519E-004,
"Cl": 1.08056270636953E-004,
"Cm": -6.38593341466636E-003,
"Cn": 1.30794139035458E-003,
"CL": 9.97237776616327E-004,
"CD": 2.25755917118340E-005,
"L/D": 1.14323874491065E+000
},
"ALTIUSjr": {
"CX": 8.35561532520605E-012,
"CY": -7.23547251564362E-003,
"CZ": 2.36318393387421E-010,
"Cl": 3.66056285776790E-002,
"Cm": 1.61844433609681E-010,
"Cn": 2.88621831376171E-003,
"CL": -2.36318393387421E-010,
"CD": -8.36257278857175E-012,
"L/D": -4.54926186086580E-009
}
},
"d_elevator": {
"note": "Derivatives with respect to angle in radians.",
"main_wing_right": {
"CX": 7.95843851981909E-005,
"CY": -2.42425110554431E-008,
"CZ": -3.05532194734407E-003,
"Cl": -6.81651229279499E-004,
"Cm": 1.60479313348032E-005,
"Cn": -1.32917505975389E-005,
"CL": 3.05532430876598E-003,
"CD": -7.94936761290336E-005,
"L/D": 9.79571112083051E-001
},
"main_wing_left": {
"CX": 7.95843858950306E-005,
"CY": 2.42425110554506E-008,
"CZ": -3.05532193689913E-003,
"Cl": 6.81651225650486E-004,
"Cm": 1.60479314218709E-005,
"Cn": 1.32917508810307E-005,
"CL": 3.05532429832104E-003,
"CD": -7.94936768261714E-005,
"L/D": 9.79571113578777E-001
},
"h_stab_right": {
"CX": -2.18545262835596E-002,
"CY": 4.81871352808368E-005,
"CZ": -3.18752002609593E-001,
"Cl": -2.32681479361636E-002,
"Cm": -2.09684287424010E+000,
"Cn": 1.68255867848131E-003,
"CL": 3.18751353633082E-001,
"CD": 2.18639896584029E-002,
"L/D": 4.35121858940950E+002
},
"h_stab_left": {
"CX": -2.18545262835558E-002,
"CY": -4.81871352846027E-005,
"CZ": -3.18752002609398E-001,
"Cl": 2.32681479361489E-002,
"Cm": -2.09684287423884E+000,
"Cn": -1.68255867847607E-003,
"CL": 3.18751353632886E-001,
"CD": 2.18639896583991E-002,
"L/D": 4.35121858940756E+002
},
"ALTIUSjr": {
"CX": -4.35498837960223E-002,
"CY": -3.76589205349006E-015,
"CZ": -6.43614649103230E-001,
"Cl": -3.64420749457890E-012,
"Cm": -4.19365365261619E+000,
"Cn": 2.88744047707903E-013,
"CL": 6.43613355873049E-001,
"CD": 4.35689919638470E-002,
"L/D": -2.36021762943529E+001
}
},
"d_rudder": {
"note": "Derivatives with respect to angle in radians.",
"main_wing_right": {
"CX": -3.57812401664646E-015,
"CY": 1.09100298878483E-018,
"CZ": 1.39944405984395E-013,
"Cl": 3.10104081442693E-014,
"Cm": 0.00000000000000E+000,
"Cn": 6.21202086223343E-016,
"CL": -1.39944405984395E-013,
"CD": 3.57812401664646E-015,
"L/D": -4.47822099150063E-011
},
"main_wing_left": {
"CX": -3.77690868423793E-015,
"CY": -1.09098521605059E-018,
"CZ": 1.36763851302931E-013,
"Cl": -3.10104081442693E-014,
"Cm": 0.00000000000000E+000,
"Cn": -5.96354002774409E-016,
"CL": -1.36763851302931E-013,
"CD": 3.77690868423793E-015,
"L/D": -4.47822099150063E-011
},
"h_stab_right": {
"CX": 2.96052490252321E-013,
"CY": -1.43264731135259E-016,
"CZ": 1.43601049944740E-011,
"Cl": 1.04832200464793E-012,
"Cm": 9.19506309797806E-011,
"Cn": -2.11332949733181E-014,
"CL": -1.43601049944740E-011,
"CD": -2.96474907670953E-013,
"L/D": -1.63285097347596E-008
},
"h_stab_left": {
"CX": 2.96027642168872E-013,
"CY": 1.44380953633941E-016,
"CZ": 1.43606019561430E-011,
"Cl": -1.04834685273138E-012,
"Cm": 9.19522212571214E-011,
"Cn": 2.11317419681026E-014,
"CL": -1.43606019561430E-011,
"CD": -2.96450059587504E-013,
"L/D": -1.63289168457588E-008
},
"ALTIUSjr": {
"CX": 5.85023276721696E-013,
"CY": 1.11622249868257E-018,
"CZ": 2.89939364762214E-011,
"Cl": -2.48480834489337E-017,
"Cm": 1.83902852236902E-010,
"Cn": 3.20954411215394E-017,
"CL": -2.89939364762214E-011,
"CD": -5.86017200059653E-013,
"L/D": -1.32026097049423E-009
}
},
"d_aileron": {
"note": "Derivatives with respect to angle in radians.",
"main_wing_right": {
"CX": -1.52010557661514E-002,
"CY": 8.17040301902255E-011,
"CZ": -2.82888096216400E-001,
"Cl": -8.73073357744161E-002,
"Cm": -9.65498103135045E-002,
"Cn": 5.18949226028587E-003,
"CL": 2.82887644789670E-001,
"CD": 1.52094543853304E-002,
"L/D": -2.07749962450103E+001
},
"main_wing_left": {
"CX": 1.52010557665870E-002,
"CY": 8.17040301981581E-011,
"CZ": 2.82888096216390E-001,
"Cl": -8.73073357744086E-002,
"Cm": 9.65498103135053E-002,
"Cn": 5.18949226042770E-003,
"CL": -2.82887644789660E-001,
"CD": -1.52094543857659E-002,
"L/D": 2.07749962467144E+001
},
"h_stab_right": {
"CX": -1.16464665208835E-004,
"CY": -1.05589719656714E-004,
"CZ": -4.80293951106814E-003,
"Cl": -4.70976509640918E-004,
"Cm": -3.07574472172690E-002,
"Cn": 1.52016806271930E-004,
"CL": 4.80293605124804E-003,
"CD": 1.16607258969720E-004,
"L/D": 5.54096014623630E+000
},
"h_stab_left": {
"CX": 1.16464665208512E-004,
"CY": -1.05589719656697E-004,
"CZ": 4.80293951106576E-003,
"Cl": -4.70976509640756E-004,
"Cm": 3.07574472172507E-002,
"Cn": 1.52016806271883E-004,
"CL": -4.80293605124565E-003,
"CD": -1.16607258969397E-004,
"L/D": -5.54096014622754E+000
},
"ALTIUSjr": {
"CX": 4.35338422025319E-013,
"CY": -2.11179275905350E-004,
"CZ": -6.36110936292703E-015,
"Cl": -1.75556624568107E-001,
"Cm": -1.78111062920260E-014,
"Cn": 1.06830181332574E-002,
"CL": 6.36110936292703E-015,
"CD": -4.35338422025319E-013,
"L/D": 7.36870908601468E-010
}
},
"d_p_bar": {
"note": "p_bar = p*lateral_length\/(2*V_infinity)",
"main_wing_right": {
"CX": 1.48708409674888E-002,
"CY": 4.48084428765719E-010,
"CZ": -7.63847727297748E-001,
"Cl": -2.33505882646552E-001,
"Cm": 4.01135272120288E-003,
"Cn": -3.38772087719388E-003,
"CL": 7.63848168459466E-001,
"CD": -1.48481631905538E-002,
"L/D": 2.20117868159039E+002
},
"main_wing_left": {
"CX": -1.48708409674850E-002,
"CY": 4.48084428767792E-010,
"CZ": 7.63847727297745E-001,