{
"d_alpha": {
"note": "Derivatives with respect to angle in radians.",
"main_wing_right": {
"CX": 1.13414940512652E-001,
"CY": -3.34064175582427E-007,
"CZ": -2.21871529984953E+000,
"Cl": -4.86095500152703E-001,
"Cm": 0.00000000000000E+000,
"Cn": -2.32311287256601E-002,
"CL": 2.21590941434432E+000,
"CD": 9.11769165291795E-002,
"L/D": -8.63471401439126E+000
},
"main_wing_left": {
"CX": 1.13414940512652E-001,
"CY": 3.34064175582427E-007,
"CZ": -2.21871529984953E+000,
"Cl": 4.86095500152703E-001,
"Cm": 0.00000000000000E+000,
"Cn": 2.32311287256601E-002,
"CL": 2.21590941434432E+000,
"CD": 9.11769165291799E-002,
"L/D": -8.63471401439248E+000
},
"h_stab_right": {
"CX": 1.15169954304952E-004,
"CY": 5.93497879378504E-005,
"CZ": -2.14381954873422E-001,
"Cl": -1.57144254650107E-002,
"Cm": -6.86003828402262E-001,
"Cn": -5.04254236915469E-005,
"CL": 2.13575070975329E-001,
"CD": 6.72540807134446E-003,
"L/D": 3.03643621656648E+002
},
"h_stab_left": {
"CX": 1.15169954304952E-004,
"CY": -5.93497879378503E-005,
"CZ": -2.14381954873422E-001,
"Cl": 1.57144254650107E-002,
"Cm": -6.86003828402262E-001,
"Cn": 5.04254236915457E-005,
"CL": 2.13575070975328E-001,
"CD": 6.72540807134446E-003,
"L/D": 3.03643621656647E+002
},
"ALTIUSjr": {
"CX": 2.27060220933914E-001,
"CY": 1.21328532465497E-019,
"CZ": -4.86619450944591E+000,
"Cl": -2.38127466385615E-017,
"Cm": -1.37200765680452E+000,
"Cn": 2.79540938800504E-017,
"CL": 4.85896897063929E+000,
"CD": 1.95804649201048E-001,
"L/D": 4.75790097126367E+001
}
},
"d_beta": {
"note": "Derivatives with respect to angle in radians.",
"main_wing_right": {
"CX": -2.90010057518365E-003,
"CY": -2.92209253515362E-003,
"CZ": 6.60199011422849E-002,
"Cl": 2.17914103236486E-002,
"Cm": 0.00000000000000E+000,
"Cn": 8.67716964995909E-004,
"CL": -6.60788971430200E-002,
"CD": 7.85673307093489E-004,
"L/D": -1.61040561490900E+001
},
"main_wing_left": {
"CX": 2.90010090970641E-003,
"CY": -2.92209253485385E-003,
"CZ": -6.60196741763158E-002,
"Cl": 2.17913606026741E-002,
"Cm": 0.00000000000000E+000,
"Cn": 8.67717203732928E-004,
"CL": 6.60786703040281E-002,
"CD": -7.85680905403687E-004,
"L/D": 1.61040493080796E+001
},
"h_stab_right": {
"CX": -1.21282928418888E-006,
"CY": -6.50257711966586E-004,
"CZ": -4.06518274853643E-003,
"Cl": -3.52855162884343E-004,
"Cm": -1.30087788480020E-002,
"Cn": 4.33645302652044E-004,
"CL": 4.06306142485555E-003,
"CD": 1.31316822242518E-004,
"L/D": 5.84885413904356E+000
},
"h_stab_left": {
"CX": 1.21280925698771E-006,
"CY": -6.50257705365659E-004,
"CZ": 4.06520441594714E-003,
"Cl": -3.52856750156907E-004,
"Cm": 1.30088481805120E-002,
"Cn": 4.33645296965256E-004,
"CL": -4.06308308180747E-003,
"CD": -1.31317495682742E-004,
"L/D": -5.84888531440228E+000
},
"ALTIUSjr": {
"CX": 3.14495557774873E-010,
"CY": -7.14470048733972E-003,
"CZ": 2.48633373891860E-007,
"Cl": 4.28770590132814E-002,
"Cm": 6.93325099288229E-008,
"Cn": 2.60272476834614E-003,
"CL": -2.48495938943519E-007,
"CD": -8.27175016118822E-009,
"L/D": -5.41041866864388E-006
}
},
"d_elevator": {
"note": "Derivatives with respect to angle in radians.",
"main_wing_right": {
"CX": 6.06838861435678E-004,
"CY": -4.94235382281070E-007,
"CZ": -1.17928240574490E-002,
"Cl": -2.49905146319667E-003,
"Cm": 0.00000000000000E+000,
"Cn": -1.20706234118532E-004,
"CL": 1.18062044868837E-002,
"CD": -2.29103181003478E-004,
"L/D": 3.29492162376585E+000
},
"main_wing_left": {
"CX": 6.06839154937339E-004,
"CY": 4.94235381947470E-007,
"CZ": -1.17928105325601E-002,
"Cl": 2.49904699977798E-003,
"Cm": 0.00000000000000E+000,
"Cn": 1.20706358037508E-004,
"CL": 1.18061909783173E-002,
"CD": -2.29103907213664E-004,
"L/D": 3.29492250769705E+000
},
"h_stab_right": {
"CX": 3.18809365268252E-003,
"CY": -1.63489577109883E-005,
"CZ": -3.18330451531084E-001,
"Cl": -2.32442139325772E-002,
"Cm": -1.07148068324837E+000,
"Cn": -2.52989243754211E-004,
"CL": 3.18269411256262E-001,
"CD": 7.00158351480271E-003,
"L/D": 4.24398860322160E+002
},
"h_stab_left": {
"CX": 3.18809365061423E-003,
"CY": 1.63489541242057E-005,
"CZ": -3.18330452362459E-001,
"Cl": 2.32442140092960E-002,
"Cm": -1.07148068590910E+000,
"Cn": 2.52989245969702E-004,
"CL": 3.18269412087144E-001,
"CD": 7.00158354347776E-003,
"L/D": 4.24398861320808E+002
},
"ALTIUSjr": {
"CX": 7.58986531966980E-003,
"CY": -3.58711620803302E-012,
"CZ": -6.60246538483552E-001,
"Cl": -4.38669992176347E-009,
"Cm": -2.14296136915748E+000,
"Cn": 1.26134465511574E-010,
"CL": 6.60151218808609E-001,
"CD": 1.35449599700636E-002,
"L/D": 2.98367921516716E+001
}
},
"d_rudder": {
"note": "Derivatives with respect to angle in radians.",
"main_wing_right": {
"CX": -1.24281093557275E-010,
"CY": 1.01219928065705E-013,
"CZ": 2.41515101681464E-009,
"Cl": 5.11801739553048E-010,
"Cm": 0.00000000000000E+000,
"Cn": 2.47207867174248E-011,
"CL": -2.41788947439538E-009,
"CD": 4.69214311152919E-011,
"L/D": -6.74801137215272E-007
},
"main_wing_left": {
"CX": -1.24281043861108E-010,
"CY": -1.01219927590285E-013,
"CZ": 2.41514465570528E-009,
"Cl": -5.11799751706372E-010,
"Cm": 0.00000000000000E+000,
"Cn": -2.47208426256126E-011,
"CL": -2.41788311328602E-009,
"CD": 4.69215305076257E-011,
"L/D": -6.74800322993273E-007
},
"h_stab_right": {
"CX": -4.58037891698423E-011,
"CY": -4.46391936647055E-014,
"CZ": 6.51993767474633E-008,
"Cl": 4.76106944645911E-009,
"Cm": 2.08630676960270E-007,
"Cn": 3.48168705177593E-012,
"CL": -6.51674424122556E-008,
"CD": -2.04090071341752E-009,
"L/D": -9.38236009289919E-005
},
"h_stab_left": {
"CX": -4.58037891698423E-011,
"CY": 4.46414261097029E-014,
"CZ": 6.51993777802117E-008,
"Cl": -4.76106953866879E-009,
"Cm": 2.08630680292398E-007,
"Cn": -3.48168782827854E-012,
"CL": -6.51674434442276E-008,
"CD": -2.04090075068965E-009,
"L/D": -9.38236024151061E-005
},
"ALTIUSjr": {
"CX": -3.40169666061900E-010,
"CY": 2.23244499736514E-018,
"CZ": 1.35229049196954E-007,
"Cl": 1.49813236460863E-015,
"Cm": 4.17261357252668E-007,
"Cn": -5.90141981912176E-017,
"CL": -1.35170660574111E-007,
"CD": -3.98795836581979E-009,
"L/D": -3.88385480995770E-006
}
},
"d_aileron": {
"note": "Derivatives with respect to angle in radians.",
"main_wing_right": {
"CX": -3.86376018721391E-003,
"CY": 6.98732714118444E-010,
"CZ": -2.81288624290099E-001,
"Cl": -8.62111174702471E-002,
"Cm": -8.46639342629490E-002,
"Cn": 1.57218853023711E-003,
"CL": 2.81020867886882E-001,
"CD": 1.28643153686248E-002,
"L/D": -6.90684922292835E+000
},
"main_wing_left": {
"CX": 3.86375991615906E-003,
"CY": 6.98732711326543E-010,
"CZ": 2.81288624309440E-001,
"Cl": -8.62111174750743E-002,
"Cm": 8.46639342629490E-002,
"Cn": 1.57218844246297E-003,
"CL": -2.81020867914890E-001,
"CD": -1.28643150983276E-002,
"L/D": 6.90684805188414E+000
},
"h_stab_right": {
"CX": 4.56991843280987E-007,
"CY": -7.20703770645236E-005,
"CZ": -1.54299526283223E-003,
"Cl": -1.35938938822126E-004,
"Cm": -4.93751172236817E-003,
"Cn": 4.80055233906240E-005,
"CL": 1.54221944468966E-003,
"CD": 4.89262136829957E-005,
"L/D": 2.22043796581720E+000
},
"h_stab_left": {
"CX": -4.56991812494212E-007,
"CY": -7.20703770672340E-005,
"CZ": 1.54299526449893E-003,
"Cl": -1.35938938941652E-004,
"Cm": 4.93751172770655E-003,
"Cn": 4.80055233954616E-005,
"CL": -1.54221944635452E-003,
"CD": -4.89262137671065E-005,
"L/D": -2.22043796891449E+000
},
"ALTIUSjr": {
"CX": -2.71024059413715E-010,
"CY": -1.44139356666332E-004,
"CZ": 2.10107442257480E-011,
"Cl": -1.72694112823085E-001,
"Cm": 5.33838833863759E-012,
"Cn": 3.24038801948616E-003,
"CL": -2.96682140686917E-011,
"CD": 2.70212570704439E-010,
"L/D": -4.88284047141269E-007
}
},
"d_p_bar": {
"note": "p_bar = p*lateral_length\/(2*V_infinity)",
"main_wing_right": {
"CX": 3.63489711775699E-002,
"CY": 6.21391439091485E-009,
"CZ": -7.64239751035803E-001,
"Cl": -2.30943512816439E-001,
"Cm": 0.00000000000000E+000,
"Cn": -1.02302445882142E-002,
"CL": 7.65011581976849E-001,
"CD": -1.18711503324362E-002,
"L/D": 1.99789633607594E+002
},
"main_wing_left": {
"CX": -3.63489712803187E-002,
"CY": 6.21391439610786E-009,
"CZ": 7.64239751050955E-001,