{
    "aircraft": {
        "name": "analysisALTIUSjr",
        "wing_area": 7.5,
        "wing_span": 6.0
    },
    "initial": {
        "weight": 100
    },
    "reference": {
        "airspeed": 226.67836919793706,
        "density": 0.0020628,
        "elevator": 0.0,
        "lift": 99.99999999999967,
        "Ixx": 4.540786749482401,
        "Iyy": 4.140786749482401,
        "Izz": 8.140786749482402,
        "Ixy": 0.0,
        "Ixz": 0.040786749482401,
        "Iyz": 0.0,
        "hx": 0.0,
        "hy": 0.0,
        "hz": 0.0,
        "CD": 0.011513810276501906,
        "CL,a": 4.7426618778761425,
        "CD,a": 0.16474243609901548,
        "CD,a,a": 1.8551968321151056,
        "Cm,a": -1.3332852945267688,
        "CY,b": -0.006561861366168919,
        "Cl,b": 0.041688714924090986,
        "Cn,b": 0.0015458021555670286,
        "CL,q": 5.411483264238645,
        "CD,q": 0.1663290128230758,
        "Cm,q": -16.734983197402862,
        "CY,p": -0.0004081972074410064,
        "Cl,p": -0.45286245764697014,
        "Cn,p": -0.008043005961129977,
        "CY,r": 0.0018962611897724517,
        "Cl,r": 0.06562313172807484,
        "Cn,r": -0.00472197777765063,
        "CL,de": 0.0,
        "CD,de": 0.0,
        "Cm,de": 0.0,
        "CY,da": 0.0,
        "Cl,da": 0.0,
        "Cn,da": 0.0,
        "CY,dr": 0.0,
        "Cl,dr": 0.0,
        "Cn,dr": 0.0,
        "CD3": 0.0
    }
}