{
"inviscid": {
"lead_main_wing_right": {
"CX": -5.66583171892802E-002,
"CY": 0.00000000000000E+000,
"CZ": -8.81744183903113E-001,
"Cl": -2.06128322089848E-001,
"Cm": 1.13890210478453E-002,
"Cn": 1.67308221798856E-002,
"CL": 8.81744183903113E-001,
"CD": 5.66583171892802E-002,
"L/D": 1.55624845149820E+001
},
"lead_main_wing_left": {
"CX": -5.66583171892801E-002,
"CY": 0.00000000000000E+000,
"CZ": -8.81744183903113E-001,
"Cl": 2.06128322089848E-001,
"Cm": 1.13890210478453E-002,
"Cn": -1.67308221798855E-002,
"CL": 8.81744183903113E-001,
"CD": 5.66583171892801E-002,
"L/D": 1.55624845149820E+001
},
"lead_v_stab_right": {
"CX": -2.88624078507336E-032,
"CY": 7.73336647933108E-017,
"CZ": 1.18853484383068E-032,
"Cl": 6.20611540075866E-018,
"Cm": 5.84864479479384E-032,
"Cn": -2.67726775884424E-017,
"CL": -1.18853484383068E-032,
"CD": 2.88624078507336E-032,
"L/D": -4.11793378424064E-001
},
"lead_h_stab_right": {
"CX": -7.78250007577997E-004,
"CY": 0.00000000000000E+000,
"CZ": -9.41184633047720E-003,
"Cl": -7.92413296869849E-004,
"Cm": -2.24903085471591E-002,
"Cn": 6.53342295004227E-005,
"CL": 9.41184633047720E-003,
"CD": 7.78250007577997E-004,
"L/D": 1.20936026197647E+001
},
"lead_h_stab_left": {
"CX": -7.78250007577997E-004,
"CY": 0.00000000000000E+000,
"CZ": -9.41184633047720E-003,
"Cl": 7.92413296869850E-004,
"Cm": -2.24903085471591E-002,
"Cn": -6.53342295004227E-005,
"CL": 9.41184633047720E-003,
"CD": 7.78250007577997E-004,
"L/D": 1.20936026197647E+001
},
"tail_main_wing_left_left": {
"CX": 2.58353636014509E-006,
"CY": 0.00000000000000E+000,
"CZ": 7.58173709376375E-005,
"Cl": -7.50501377693395E-007,
"Cm": 1.16205554753304E-003,
"Cn": 2.53929451559065E-008,
"CL": -7.58173709376375E-005,
"CD": -2.58353636014509E-006,
"L/D": 2.93463533578369E+001
},
"tail_main_wing_right_right": {
"CX": 2.58353636014509E-006,
"CY": 0.00000000000000E+000,
"CZ": 7.58173709376375E-005,
"Cl": 7.50501377693394E-007,
"Cm": 1.16205554753304E-003,
"Cn": -2.53929451559064E-008,
"CL": -7.58173709376375E-005,
"CD": -2.58353636014509E-006,
"L/D": 2.93463533578369E+001
},
"tail_h_stab_left_left": {
"CX": 8.95051091925562E-007,
"CY": 0.00000000000000E+000,
"CZ": 5.70048184589273E-005,
"Cl": -1.88568504517841E-007,
"Cm": 8.87094005363488E-004,
"Cn": 2.66919062863177E-009,
"CL": -5.70048184589273E-005,
"CD": -8.95051091925562E-007,
"L/D": 6.36888988496628E+001
},
"tail_h_stab_right_right": {
"CX": 8.95051091925563E-007,
"CY": 0.00000000000000E+000,
"CZ": 5.70048184589273E-005,
"Cl": 1.88568504517841E-007,
"Cm": 8.87094005363487E-004,
"Cn": -2.66919062863177E-009,
"CL": -5.70048184589273E-005,
"CD": -8.95051091925563E-007,
"L/D": 6.36888988496627E+001
},
"lead_tail_combo": {
"CX": -1.14866177218812E-001,
"CY": 7.73336647933108E-017,
"CZ": -1.78204641608839E+000,
"Cl": 6.59242037877363E-018,
"Cm": -1.81042758928346E-002,
"Cn": -2.00421805119409E-017,
"CL": 1.78204641608839E+000,
"CD": 1.14866177218812E-001,
"L/D": 1.55141091941600E+001
}
},
"viscous": {
"lead_main_wing_right": {
"CX": -1.82962768662118E-002,
"CY": -5.24028248364729E-007,
"CZ": 1.50295313139328E-003,
"Cl": 4.59177369319238E-004,
"Cm": 1.07481704309555E-002,
"Cn": 4.66259206972296E-003,
"CL": -1.50295313139328E-003,
"CD": 1.82962768662118E-002,
"L/D": -8.21452988705489E-002
},
"lead_main_wing_left": {
"CX": -1.82962768662118E-002,
"CY": 5.24028248364700E-007,
"CZ": 1.50295313139328E-003,
"Cl": -4.59177369319238E-004,
"Cm": 1.07481704309556E-002,
"Cn": -4.66259206972296E-003,
"CL": -1.50295313139328E-003,
"CD": 1.82962768662118E-002,
"L/D": -8.21452988705488E-002
},
"lead_v_stab_right": {
"CX": -7.40932057043683E-004,
"CY": 8.52847873714699E-020,
"CZ": 6.45305146059126E-005,
"Cl": 5.21903168522384E-021,
"Cm": 5.58166817975604E-004,
"Cn": -2.60007323120214E-020,
"CL": -6.45305146059126E-005,
"CD": 7.40932057043683E-004,
"L/D": -8.70937004175378E-002
},
"lead_h_stab_right": {
"CX": -4.62737362935447E-003,
"CY": 1.07375046409954E-005,
"CZ": 3.83588082204890E-004,
"Cl": 3.16853994640418E-005,
"Cm": 7.40336593694347E-005,
"Cn": 3.82476165919216E-004,
"CL": -3.83588082204890E-004,
"CD": 4.62737362935447E-003,
"L/D": -8.28954203679466E-002
},
"lead_h_stab_left": {
"CX": -4.62737362935447E-003,
"CY": -1.07375046409960E-005,
"CZ": 3.83588082204890E-004,
"Cl": -3.16853994640418E-005,
"Cm": 7.40336593694344E-005,
"Cn": -3.82476165919216E-004,
"CL": -3.83588082204890E-004,
"CD": 4.62737362935447E-003,
"L/D": -8.28954203679466E-002
},
"tail_main_wing_left_left": {
"CX": -1.10449436292675E-005,
"CY": -8.81445140381323E-009,
"CZ": 3.74968332947285E-007,
"Cl": -5.94344986431640E-010,
"Cm": -3.62654646560728E-005,
"Cn": -1.03290905789707E-007,
"CL": -3.74968332947285E-007,
"CD": 1.10449436292675E-005,
"L/D": -3.39493206605123E-002
},
"tail_main_wing_right_right": {
"CX": -1.10449436292675E-005,
"CY": 8.81445140381299E-009,
"CZ": 3.74968332947285E-007,
"Cl": 5.94344986431735E-010,
"Cm": -3.62654646560728E-005,
"Cn": 1.03290905789707E-007,
"CL": -3.74968332947285E-007,
"CD": 1.10449436292675E-005,
"L/D": -3.39493206605123E-002
},
"tail_h_stab_left_left": {
"CX": -3.04945024604883E-006,
"CY": 1.54807888063955E-009,
"CZ": 4.52227596925616E-008,
"Cl": -7.34246156864115E-010,
"Cm": -1.09313798916694E-005,
"Cn": -1.38370461933357E-008,
"CL": -4.52227596925616E-008,
"CD": 3.04945024604883E-006,
"L/D": -1.48298073566397E-002
},
"tail_h_stab_right_right": {
"CX": -3.04945024604883E-006,
"CY": -1.54807888063961E-009,
"CZ": 4.52227596925616E-008,
"Cl": 7.34246156864136E-010,
"Cm": -1.09313798916693E-005,
"Cn": 1.38370461933358E-008,
"CL": -4.52227596925616E-008,
"CD": 3.04945024604883E-006,
"L/D": -1.48298073566397E-002
},
"lead_tail_combo": {
"CX": -4.66164218359269E-002,
"CY": -5.15297539263890E-019,
"CZ": 3.83845332398752E-003,
"Cl": 4.12210923342519E-019,
"Cm": 2.21081813095301E-002,
"Cn": 9.94722340155931E-019,
"CL": -3.83845332398752E-003,
"CD": 4.66164218359269E-002,
"L/D": -8.23412259631919E-002
}
},
"total": {
"lead_main_wing_right": {
"CX": -7.49545940554920E-002,
"CY": -5.24028248364729E-007,
"CZ": -8.80241230771719E-001,
"Cl": -2.05669144720529E-001,
"Cm": 2.21371914788009E-002,
"Cn": 2.13934142496085E-002,
"CL": 8.80241230771719E-001,
"CD": 7.49545940554920E-002,
"L/D": 1.17436595029791E+001
},
"lead_main_wing_left": {
"CX": -7.49545940554919E-002,
"CY": 5.24028248364700E-007,
"CZ": -8.80241230771719E-001,
"Cl": 2.05669144720529E-001,
"Cm": 2.21371914788008E-002,
"Cn": -2.13934142496085E-002,
"CL": 8.80241230771719E-001,
"CD": 7.49545940554919E-002,
"L/D": 1.17436595029791E+001
},
"lead_v_stab_right": {
"CX": -7.40932057043683E-004,
"CY": 7.74189495806823E-017,
"CZ": 6.45305146059126E-005,
"Cl": 6.21133443244388E-018,
"Cm": 5.58166817975604E-004,
"Cn": -2.67986783207544E-017,
"CL": -6.45305146059126E-005,
"CD": 7.40932057043683E-004,
"L/D": -8.70937004175378E-002
},
"lead_h_stab_right": {
"CX": -5.40562363693247E-003,
"CY": 1.07375046409954E-005,
"CZ": -9.02825824827231E-003,
"Cl": -7.60727897405807E-004,
"Cm": -2.24162748877897E-002,
"Cn": 4.47810395419639E-004,
"CL": 9.02825824827231E-003,
"CD": 5.40562363693247E-003,
"L/D": 1.67016034682644E+000
},
"lead_h_stab_left": {
"CX": -5.40562363693247E-003,
"CY": -1.07375046409960E-005,
"CZ": -9.02825824827231E-003,
"Cl": 7.60727897405808E-004,
"Cm": -2.24162748877897E-002,
"Cn": -4.47810395419639E-004,
"CL": 9.02825824827231E-003,
"CD": 5.40562363693247E-003,
"L/D": 1.67016034682643E+000
},
"tail_main_wing_left_left": {
"CX": -8.46140726912241E-006,
"CY": -8.81445140381323E-009,
"CZ": 7.61923392705848E-005,
"Cl": -7.51095722679827E-007,
"Cm": 1.12579008287696E-003,
"Cn": -7.78979606338006E-008,
"CL": -7.61923392705848E-005,
"CD": 8.46140726912241E-006,
"L/D": -9.00468880024578E+000
},
"tail_main_wing_right_right": {
"CX": -8.46140726912241E-006,
"CY": 8.81445140381299E-009,
"CZ": 7.61923392705847E-005,
"Cl": 7.51095722679826E-007,
"Cm": 1.12579008287696E-003,
"Cn": 7.78979606338010E-008,
"CL": -7.61923392705847E-005,
"CD": 8.46140726912241E-006,
"L/D": -9.00468880024577E+000
},