{
    "type" : "linear",	
    "aL0" : -0.0368,
    "CLa" : 6.1976,
    "CmL0" : -0.0525,
    "Cma" : 0.0326,
    "CD0" : 0.00569,
    "CD1" : -0.0045,
    "CD2" : 0.01040,
    "CL_max" : 1.4,
    "geometry" : {
        "NACA" : "2410"
    }
}